numero,votos_nominais,situacao,nome,nome_urna,sexo,data_nasc,destino_voto,numero_partido
25400,304,Suplente,ZILDA CASTANHO ROSA CARRION CARRACEDO,ZILDA CASTANHO,F,04/07/1976,Válido,25
25007,157,Suplente,LEANDRO PINTO DE OLIVEIRA FILHO,LEANDRO PINTO FILHO,M,25/08/1958,Válido,25
25222,115,Suplente,ELIANE GOMES PADILHA,ELIANE PADILHA,F,02/12/1955,Válido,25
25135,138,Suplente,CELSO MARCOS DA SILVA FILHO,CELSINHO BOAS NOVAS,M,14/05/1974,Válido,25
25555,2841,Eleito,MICHELLY DE ALENCAR SANTOS NEVES,MICHELLY ALENCAR,F,18/05/1983,Válido,25
25100,1217,Suplente,SILVANIO DA SILVA CRUZ,SILVANO CRUZ,M,06/04/1976,Válido,25
25050,55,Suplente,RODRIGO DE LARA HAACK,RODRIGO BARULHO,M,09/08/1986,Válido,25
25256,36,Suplente,ILIZETH LUIZA COENGA FERREIRA,BEBÊ DA SAÚDE,F,02/06/1970,Válido,25
25300,18,Suplente,ELEANDRO ROSA,LEANDRO ROSA,M,18/08/1985,Válido,25
25155,1037,Suplente,CARLOS FREDERICCO REINERS GAHYVA,FRED GAHYVA,M,09/08/1982,Válido,25
25333,324,Suplente,ANDREA AUXILIADORA LONDON,ANDRÉA LONDON,F,03/09/1968,Válido,25
25200,616,Suplente,ROSENWAL RODRIGUES DOS SANTOS,ROSENWAL,M,21/04/1969,Válido,25
25777,1878,Suplente,FRANKES MARCIO BATISTA SIQUEIRA,PROFESSOR FRANKES,M,25/06/1974,Válido,25
25000,1126,Suplente,GABRIEL GUILHERME OLIVEIRA VELOSO,GABRIEL GUILHERME,M,31/08/1997,Válido,25
25020,19,Suplente,MARIA HELENA INACIA DE PAULA,HELENA DA SAUDE,F,04/12/1965,Válido,25
25345,15,Suplente,ELSON DA SILVA TEIXEIRA,ELSON PELOTAO,M,21/11/1964,Válido,25
25128,27,Suplente,TEREZINHA BISPO DE JESUS,TEREZINHA BISPO,F,02/01/1980,Válido,25
25800,1143,Suplente,ELIAS PEREIRA DOS SANTOS FILHO,ELIAS SANTOS,M,19/12/1966,Válido,25
25025,831,Suplente,FRANZ ROBERT DA SILVA CORRÊA,FRANZ CORRÊA,M,12/10/1970,Válido,25
25150,212,Suplente,VALERIO FERNANDES DOS SANTOS SILVA,VALÉRIO DA SAÚDE,M,03/09/1978,Válido,25
25090,12,Suplente,EVANICE DA SILVA SIQUEIRA,NICINHA DO PEDRA 90,F,09/01/1971,Válido,25
25123,1800,Suplente,DAOUD MOHD KHAMIS JABER ABDALLAH,DR.DAÚDE,M,03/01/1977,Válido,25
25888,85,Suplente,HARRISON RAINIER RIBEIRO,HARRISON RIBEIRO,M,03/01/1972,Válido,25
25500,29,Suplente,MYLENE DE NAZARE FURTADO LUSTOSA DA SILVA,MYLENE LUSTOSA,F,14/08/1972,Válido,25
25999,22,Suplente,ANDERSON CRISTIAN GONÇALVES DE SOUZA,ANDINHO LAN HOUSE,M,05/06/1980,Válido,25
23190,2009,Eleito,MARCOS EDUARDO TICIANEL PACCOLA,T CORONEL PACCOLA,M,27/01/1984,Válido,23
23456,188,Suplente,JHONATAN ANFILOFEV FARIA,JHONATAN ANFILOFEV,M,21/03/1996,Válido,23
23323,145,Suplente,LETÍCIA ALVES ANDRADE,LETÍCIA ANDRADE,F,18/10/1989,Válido,23
23923,413,Suplente,ITAMAR FRANCISCO DE CARVALHO,ITAMAR CARVALHO,M,18/09/1978,Válido,23
23000,1147,Suplente,FELLIPE PEREIRA CORREA,FELLIPE  CORRÊA,M,13/04/1987,Válido,23
23220,640,Suplente,MICHELLE SCOPEL,MICHELLE SCOPEL,F,20/02/1979,Válido,23
23777,678,Suplente,CARLOS RAFAEL DEMIAN GOMES DE CARVALHO,CARLOS RAFAEL FORTUNATO,M,08/05/1982,Válido,23
23007,840,Suplente,GILSON VASCONCELOS TIBALDI DE AMORIM SILVA,GILSON TIBALDI,M,01/02/1980,Válido,23
23444,4179,Eleito,DIEGO ARRUDA VAZ GUIMARÃES,DIEGO GUIMARÃES,M,09/12/1985,Válido,23
23003,455,Suplente,LUIZ ANTÔNIO GIROLDO FILHO,GIROLDO FILHO,M,09/08/1990,Válido,23
23016,151,Suplente,RODRIGO MENDES FERREIRA,RODRIGO CAFEH,M,31/10/1987,Válido,23
23252,141,Suplente,FERNANDA PEREIRA DA SILVA,FERNANDA SILVA,F,25/03/1987,Válido,23
23100,100,Suplente,FRANCISCO PIRES DE CAMARGO,CHIQUINHO CAMARGO,M,04/10/1961,Válido,23
23999,1520,Suplente,MAYSA DO PRADO LEÃO GOMES,MAYSA LEÃO,F,10/05/1980,Válido,23
23622,82,Suplente,YASMIM DA SILVA AGUIAR,YASMIM AGUIAR,F,19/08/1994,Válido,23
23122,181,Suplente,ROBERTO FRANCISCO LOPES,ROBERTO LOPES,M,26/10/1979,Válido,23
23555,827,Suplente,VINÍCIUS YULE PARDI,VINICIUS PARDI,M,13/04/1990,Válido,23
23180,101,Suplente,ALETÍCIA DEIS ALVES DE SOUZA BONFIM,ALETICIA ALVES,F,15/10/1983,Válido,23
23321,378,Suplente,PAULO LOURENZON JUNIOR,PAULO LOURENZON,M,20/08/1990,Válido,23
23667,107,Suplente,ADOLFO GABRIEL MENDES MARTINS,GABRIEL MARTINS,M,27/09/1993,Válido,23
23108,90,Suplente,CARLOS LISBOA RODRIGUES,PROF. CARLOS LISBOA,M,17/02/1987,Válido,23
23301,897,Suplente,THIAGO CALAÇA PEDROSO,THIAGO PEDROSO,M,02/06/1980,Válido,23
23033,430,Suplente,JONAS DA FONSECA E SILVA,JONINHAS FONSECA,M,29/03/1984,Válido,23
23223,404,Suplente,GABRIEL HENRIQUE GONÇALVES AGUIAR,GABRIEL AGUIAR,M,18/11/1996,Válido,23
23001,319,Suplente,SILVANIA RODRIGUES DE OLIVEIRA SILVA,SILVANIA RODRIGUES,F,23/10/1977,Válido,23
23111,175,Suplente,RAFAEL FERNANDES DE MATOS,RAFAEL CUIABANO,M,29/04/1988,Válido,23
23245,85,Suplente,AMANDA APARECIDA VIEIRA,AMANDA VIEIRA,F,15/10/1978,Válido,23
23333,504,Suplente,ROBERTO GONÇALVES PERON,BOB PERON,M,17/01/1985,Válido,23
23222,436,Suplente,FÁTIMA FERREIRA DE ALMEIDA,FATIMA FERREIRA,F,22/11/1972,Válido,23
23230,447,Suplente,ADEMILSON PEREIRA DA SILVA,ENFERMEIRO ADEMILSON,M,13/02/1978,Válido,23
23023,734,Suplente,NEURE REJANE ALVES DA SILVA,NEURE,F,27/03/1977,Válido,23
23300,954,Suplente,ÁLVARO JOSÉ CAMARGO DA SILVA,ALVARO CAMARGO,M,30/04/1990,Válido,23
23888,2000,Eleito,RODRIGO OLIVEIRA DE ARRUDA E SÁ,RODRIGO ARRUDA E SÁ,M,16/10/1980,Válido,23
23021,993,Suplente,ELEUS VIEIRA DE AMORIM,ELEUS AMORIM,M,23/03/1965,Válido,23
23123,44,Suplente,JUSCILENE MARIA DE ARRUDA,JÔLINDINHA,F,06/08/1965,Válido,23
23024,530,Suplente,ACHILLE SOTIRIOS LIAMBOS NETO,ACHILLE,M,22/09/1987,Válido,23
23663,270,Suplente,MURIEL BRITO TORRES,MURIEL TORRES,F,18/04/1979,Válido,23
15234,820,Suplente,EDMIRCO BATISTA DE SOUZA,NENO DO PÁSCOAL RAMOS,M,18/12/1958,Válido,15
15219,48,Suplente,DANIELE CRISTINA DOS SANTOS,DANIELE SANTOS,F,01/10/1981,Válido,15
15650,64,Não eleito,FERNANDO LUIS NAZARIO,FERNANDO FLÉXA,M,05/02/1970,Anulado,15
15315,50,Suplente,ELIANE ABREU LIMA,ELIANE ABREU,F,09/05/1995,Válido,15
15015,1257,Suplente,LUIZ ARTUR DE OLIVEIRA RIBEIRO,LULUCA RIBEIRO,M,18/08/1980,Válido,15
15780,78,Suplente,ANA FRANCISCA BEZERRA,ANA BEZERRA,F,22/02/1958,Válido,15
15123,2021,Eleito,LÍDIO BARBOSA,JUCA DO GUARANÁ FILHO,M,09/04/1978,Válido,15
15158,90,Suplente,ROBERTO MIRANDA PITA,BETO PITA,M,06/03/1962,Válido,15
15450,154,Suplente,ANGELA MARIA SOARES,ANGELA SOARES,F,16/10/1966,Válido,15
15900,152,Suplente,SÉRGIO TADASHI ADANIYA JUNIOR,SÉRGIO TADASHI,M,04/06/1986,Válido,15
15222,1406,Suplente,ROGÉRIO RAMOS VARANDA,ROGÉRIO VARANDA,M,17/10/1965,Válido,15
15200,393,Suplente,WAGNER VINÍCIUS DE LIMA,WAGNER VINÍCIUS,M,11/05/1983,Válido,15
15190,673,Suplente,WALTER MARIA DE ARRUDA,WALTER ARRUDA ,M,08/04/1962,Válido,15
15915,361,Suplente,CLAUDENICE MARIA DA SILVA DE SIQUEIRA,TUCA DO CANJICA,F,03/09/1974,Válido,15
15644,835,Suplente,GUSTAVO PADILHA PINTO SILVA,GUSTAVO PADILHA,M,12/11/1994,Válido,15
15020,21,Suplente,SEBASTIÃO RODRIGUES DE OLIVEIRA,OLIVEIRA,M,22/06/1964,Válido,15
15000,598,Suplente,KENNEDY RODONY DE JESUS MARQUES,KENNEDY MARQUES,M,20/11/1985,Válido,15
15500,154,Suplente,BRUNO CARDOSO MAIOLINO,BRUNO MAIOLINO,M,21/12/1981,Válido,15
15111,107,Suplente,HILTON PAES DE BARROS,XÔ MANO,M,30/06/1963,Válido,15
15131,35,Suplente,RHAIANY SELLA GAMA DE ARAUJO,RHAY SELLA,F,23/05/1994,Válido,15
15010,114,Suplente,VARLEIDI ARAÚJO ROCHA,VARLEY,M,19/10/1955,Válido,15
15666,107,Suplente,LUIZ HENRIQUE SENFF,LUIZ HENRIQUE,M,24/06/1978,Válido,15
15115,369,Suplente,JORGE GABRIEL RAMIRES JUNIOR,JORGINHO,M,26/07/1985,Válido,15
15555,215,Suplente,WALDEMIR ALVES PEREIRA,PI WALDEMIR ALVES,M,10/03/1982,Válido,15
15100,303,Suplente,ADALBERTO AUGUSTO CAVALCANTE DA SILVA,ADALBERTO CAVALCANTE,M,07/10/1958,Válido,15
15001,13,Suplente,LIENE FERREIRA ELIAS,LIENE FERREIRA,F,07/12/1969,Válido,15
15444,29,Suplente,NAIRA JOSIANE FRANZOI,NAIRA FRANZOI,F,12/12/1978,Válido,15
15789,133,Suplente,NORMA MORAES GARCIA CAMPOS,NORMA GARCIA,F,28/05/1963,Válido,15
17611,26,Suplente,ANTÔNIO JAEDER COSTA DOS SANTOS,SÔ ANTÔNIO,M,06/11/1953,Válido,17
17789,265,Suplente,LUÍS CLÁUDIO DE MAGALHÃES,LUIZ BA,M,05/08/1974,Válido,17
17000,1648,Eleito,JOSÉ CEZAR NASCIMENTO,CEZINHA NASCIMENTO,M,23/11/1980,Válido,17
17975,153,Suplente,DAVI ALMEIDA,DAVI ALMEIDA,M,03/04/1975,Válido,17
17077,308,Suplente,ANA MARIA BATISTA NELSON,PROF ANA MARIA PRIMA,F,11/12/1975,Válido,17
17100,19,Suplente,ROSA FERREIRA DE SOUZA,ROSINHA,F,23/05/1981,Válido,17
17017,398,Suplente,EMÍDIO ANTÔNIO DE SOUZA,EMÍDIO DE SOUZA,M,05/08/1965,Válido,17
17191,672,Suplente,PAULO VIEIRA DE MELO,PAULO MELO,M,07/06/1969,Válido,17
17300,196,Suplente,ROSINEY ALVES DE OLIVEIRA,ROSINEY OLIVEIRA,M,03/12/1981,Válido,17
17555,20,Suplente,NEIRY APARECIDA SILVA,NEIRY OJEDA,F,05/04/1968,Válido,17
17193,1077,Suplente,AGNALDO PEREIRA DE SOUZA,CEL BOMBEIRO AGNALDO PEREIRA,M,03/06/1972,Válido,17
17777,156,Suplente,CONCIELE DA CRUZ PEDROSO,CONCIELE PEDROSO BOMBEIRO CIVI,F,28/04/1995,Válido,17
17222,272,Suplente,ANTÔNIO CARLOS DE SOUZA SANTOS,BAIANINHO,M,01/06/1963,Válido,17
17456,70,Suplente,NILCE DE SOUZA DELGADO FILHA,NILCE DELGADO,F,13/04/1972,Válido,17
17898,32,Suplente,SIMONE ASSIS VIEIRA,SIMONE ASSIS,F,24/01/1983,Válido,17
17190,307,Suplente,EWERTON APARECIDO MOREIRA SALGADO,WETO SALGADO,M,27/02/1979,Válido,17
17796,39,Suplente,MARCOS JOSÉ DA SILVA,MARCOS MORENNO,M,28/12/1969,Válido,17
17133,601,Suplente,PAULO CEZAR MACEDO,PAULO MACEDO,M,03/02/1967,Válido,17
17700,125,Suplente,MARCOS NUNES DE PAULA,MARCOS NUNES,M,16/09/1993,Válido,17
17333,166,Suplente,MARIA DAS GRAÇAS ALVES BALTAZAR,GRAÇA REIKI,F,02/09/1966,Válido,17
17770,34,Suplente,EDNA MARIA CEZAR,EDNA CEZAR,F,15/09/1957,Válido,17
17033,321,Suplente,RUY DE SOUZA GONÇALVES,RUY GONÇALVES,M,15/04/1957,Válido,17
17111,352,Suplente,WALDEVINO ALVES DE JESUS,DIVINO ALVES,M,18/01/1972,Válido,17
17118,183,Suplente,LUÍS AMÓS DA VEIGA ROQUE,LUIS AMOS ROQUE,M,13/12/1967,Válido,17
17123,722,Suplente,JOSÉ DE LIMA ARAÚJO QUEIROZ,JOSÉ QUEIROZ,M,13/01/1971,Válido,17
17999,63,Suplente,LUIZ CARLOS PEREIRA WESNER,LUÍZ WESNER,M,09/02/1966,Válido,17
17977,98,Suplente,JOÃO BATISTA DE OLIVEIRA,JB,M,16/03/1980,Válido,17
17053,48,Suplente,JOÃO BATISTA BENEVIDES DA ROCHA,JOÃO BATISTA BENEVIDES,M,02/08/1962,Válido,17
17007,828,Suplente,VALDEMIR BERNARDINO DA SILVA,VALDEMIR MM,M,27/11/1977,Válido,17
17321,556,Suplente,PAULO CESAR GOMES DO CARMO,PAULO DO CARMO,M,14/02/1981,Válido,17
17714,26,Suplente,RAISSA DOS SANTOS REINALDO DA SILVA,RAISSA DA SILVA,F,12/09/1999,Válido,17
17888,174,Suplente,ODAIR OROZIMBO MEDEIROS,ODAIR MEDEIROS,M,13/01/1976,Válido,17
17158,56,Suplente,EDSON ROCHA FARIAS,EDSON ROCHA,M,06/08/1966,Válido,17
17170,504,Suplente,VALDIVINO DA SILVA,VALDIVINO XUNXO,M,05/11/1975,Válido,17
17444,168,Suplente,ELIANE SILVA RIBEIRO,ELIANE BOLO,F,18/12/1981,Válido,17
17117,164,Suplente,ADILSON AZEVEDO DA COSTA,ADILSON COSTA,M,18/11/1976,Válido,17
17441,197,Suplente,LUCENI DE SOUZA SANTANA,LUCENI OLIVEIRA,F,07/09/1965,Válido,17
17177,88,Suplente,JUCELMA OLIVEIRA DA SILVA,JUCELMA OLIVEIRA,F,29/10/1972,Válido,17
30500,212,Não eleito,LUIZ GABRIEL MENDES DA SILVA,LUIZ GABRIEL NOVO,M,27/10/1994,Válido,30
30003,91,Não eleito,MAYKON SERGIO AMORIM OLIVEIRA,MAYKON OLIVEIRA,M,04/12/1991,Válido,30
30000,555,Não eleito,EDEGAR BELZ JÚNIOR,EDEGAR BELZ,M,26/12/1980,Válido,30
30404,141,Não eleito,LUIZA HELENA DA SILVA,LUIZA HELENA,F,18/09/1991,Válido,30
30222,573,Não eleito,LUIZ DA PENHA CORRÊA,LUIZ DA PENHA,M,02/03/1963,Válido,30
30300,214,Não eleito,IVO DA COSTA OLIVEIRA,IVO OLIVEIRA,M,20/05/1969,Válido,30
30130,632,Não eleito,MARINA FIGUEIREDO REIS,MARINA REIS,F,15/06/1990,Válido,30
30100,259,Não eleito,GABRIEL LOPES SOARES ALMEIDA,GABRIEL LOPES,M,26/09/1998,Válido,30
30123,1313,Não eleito,GIORGIO AGUIAR DA SILVA,GIORGIO AGUIAR,M,20/02/1984,Válido,30
30777,254,Não eleito,MAURO YAMASHITA,MAURO JAPONÊS,M,28/06/1979,Válido,30
30333,148,Não eleito,NAJARA LEANDRA MATI IZAWA,NAJARA IZAWA,F,10/04/1982,Válido,30
30301,675,Não eleito,FABIANO MATSUO KAZURAYAMA,MATSUO KAZURAYAMA,M,30/03/1981,Válido,30
30303,292,Não eleito,SUZELE MARCHESIN CINTRA DOS SANTOS,SUZELE MARCHESIN,F,18/03/1980,Válido,30
30030,114,Não eleito,RUTH HERCIA DA SILVA DUTRA,RUTH DUTRA,F,03/05/1967,Válido,30
30007,142,Não eleito,NICACIO LEMES DE ALMEIDA JUNIOR,PROF NICACIO LEMES JR,M,07/04/1959,Válido,30
28050,2,Não eleito,ALEXANDRA JANNY ANDRADE GONZAGA,ALEXANDRA GONZAGA,F,13/09/1982,Válido,28
28500,85,Não eleito,EZEQUIEL RODRIGUES LIMA,EZEQUIEL LIMA,M,23/07/1987,Válido,28
28100,243,Não eleito,AMARILDO BATISTA,AMARILDO BATISTA,M,28/07/1968,Válido,28
28444,46,Não eleito,VANIA SIMONE NONATO,VANYA NONATO,F,07/06/1972,Válido,28
28015,54,Não eleito,ANTONIO DO CARMO JUVENAL,TONY JULATO,M,05/04/1968,Válido,28
28028,149,Não eleito,ISRAEL NOLASCO DE SOUZA FILHO,ISRAEL NOLASCO,M,09/08/1974,Válido,28
28888,58,Não eleito,MEREWILTON PINHO DA SILVA,MEREWILTON LAGES,M,07/11/1969,Válido,28
28123,84,Não eleito,ARTUR DIAS DA FONSECA NETO,ARTUR FONSECA,M,05/11/1968,Válido,28
28030,0,Não eleito,JULIANE CARVALHO,JULIANE CARVALHO,F,30/01/1996,Válido,28
28197,76,Não eleito,ANTONIO CARLOS GARCIA DE MATTOS,DELEGADO GARCIA,M,29/05/1961,Válido,28
28020,96,Não eleito,BEATRIZ AMARO DE JESUS,BIA BOREU,F,08/05/1970,Válido,28
28910,30,Não eleito,PABLO DA SILVA LIMA,PABLO CUIABANO,M,08/06/1985,Válido,28
28012,271,Não eleito,RODRIGO POUSO MIRANDA,RODRIGO POUSO,M,16/04/1979,Válido,28
28018,31,Não eleito,WALTER MURILO PIAI,PROF WALTER PIAI,M,18/08/1965,Válido,28
28000,483,Não eleito,JEFFERSON CESAR OLIVEIRA SOUZA,PROFESSOR JEFFERSON FIEL,M,18/05/1970,Válido,28
55007,1409,Suplente,ANTONIO LEMES DE PAULA,LEMES,M,15/06/1964,Válido,55
55590,36,Suplente,ISABELLA NOGUEIRA DA SILVA NASCIMENTO,PASTORA ISABELLA SILVA,F,07/08/1976,Válido,55
55580,50,Suplente,CLELIA FATIMA ALMEIDA,CLELIA CPA,F,05/02/1955,Válido,55
55301,103,Suplente,TELMA CILENE ESPIRITO SANTO DA CRUZ,TELMA GUERREIRA,F,01/02/1972,Válido,55
55222,71,Suplente,MARCELO BATISTA CORREA DE MORAES,MARCELO BRANDÃO,M,26/11/1976,Válido,55
55123,620,Suplente,ALEX RABELO DE ARAUJO,ALEX RABELO,M,01/06/1981,Válido,55
55555,2045,Eleito,JEFERSON DE SOUZA SIQUEIRA,PASTOR JEFERSON,M,01/08/1983,Válido,55
55234,727,Suplente,CARLITO EPIFANIO DE MORAES,CARLITO ,M,14/10/1977,Válido,55
55666,85,Suplente,JEFFERSON WILLIAM DE OLIVEIRA,FARMACÊUTICO JEFFERSON WILLIAM,M,30/10/1962,Válido,55
55155,104,Suplente,ROSINALDO RAMOS DE OLIVEIRA,ROSINALDO TAFAREL,M,19/11/1972,Válido,55
55111,141,Suplente,RICARDO SANTOS DUARTE,RICARDO DUARTE,M,18/06/1988,Válido,55
55065,626,Suplente,ADEILDO FERREIRA DA SILVA,ADE SILVA,M,15/11/1975,Válido,55
55888,29,Suplente,CLAUDIONOR LOPES GAMA,RAPADURA,M,18/10/1966,Válido,55
55000,337,Suplente,DOROTY GISELI DE ALMEIDA,GISELI ALMEIDA,F,25/10/1968,Válido,55
55025,3,Suplente,SARA LYGIA NUNES DE ARRUDA,SARA LYGIA,F,17/05/1990,Válido,55
55789,195,Suplente,BENEDITA CANDIDA DA SILVEIRA,BENEDITA XUXA,F,15/12/1957,Válido,55
55055,152,Suplente,MARIA JOSE ALVES COSTANESKI,MARIA ARAÚJO,F,19/04/1970,Válido,55
55333,1234,Suplente,CLEBIO ROSA BORGES,CLEBINHO BORGES,M,12/02/1984,Válido,55
55119,41,Suplente,ROSANA SELMA SILVA,ROSANA,F,19/02/1961,Válido,55
55015,227,Suplente,CARLOS GUSTAVO GUEDES,GUSTAVO GUEDES,M,19/05/1980,Válido,55
55024,99,Suplente,MARCELO MARCIO DE ARRUDA SOUZA,MARCELO SOUZA,M,29/03/1968,Válido,55
55678,42,Suplente,ITAMI DOS SANTOS SIRAVEGNA,ITAMI DOS SANTOS SIRAVEGNA,F,28/06/1970,Válido,55
55456,25,Suplente,VIVIANE ELLEN RIBEIRO DE OLIVEIRA,VIVIANE RIBEIRO,F,26/07/1990,Válido,55
55999,42,Suplente,ABEL MOREIRA,ABEL MOREIRA,M,30/07/1956,Válido,55
55223,294,Suplente,NELSON HELENO OLIVEIRA DE QUEIROZ,NELSON QUEIROZ,M,22/05/1978,Válido,55
55800,1512,Suplente,LICINIO VIEIRA DE ALMEIDA JUNIOR,DR. LÍCINIO,M,17/06/1988,Válido,55
55444,211,Suplente,MARCOS CELIO LARA DA CRUZ,MARCOS CABELEREIRO,M,06/08/1984,Válido,55
55100,437,Suplente,FRANCIS MAURO PEDROSO,DR. FRANCIS O MÉDICO DO POVO,M,12/09/1967,Válido,55
20100,238,Não eleito,VANDEIR FELIPE DA SILVA,VENDEIR FELIPE,M,29/05/1976,Válido,20
20202,126,Não eleito,SILMA PIRES DA SILVA SOUZA,SILMA PIRES,F,26/12/1952,Válido,20
20800,257,Não eleito,GISLEINE APARECIDA FERNANDES DA SILVA,GISLEINE FERNANDES,F,30/10/1973,Válido,20
20019,164,Não eleito,GEMINIANO JOSE RODRIGUES DE MORAES,GEMINIANO MORAES,M,19/05/1966,Válido,20
20400,83,Não eleito,ALEX DE FRANCA GOMES,ALEX TRES BARRAS,M,19/05/1975,Válido,20
20456,7,Não eleito,FRANCISCA LOURENÇO PAIXÃO,CHIQUINHA PAIXÃO,F,08/12/1958,Válido,20
20123,98,Não eleito,WILER ALVES VITORIO,WILER VITÓRIO,M,17/10/1986,Válido,20
20110,48,Não eleito,JOSENEL DOS SANTOS DULTRA,IRMÃOZINHO DO CABRAL,M,08/04/1988,Válido,20
20312,91,Não eleito,ANTONIO RIBEIRO TAMBELLINI,ANTONIO DA PDV,M,08/08/1977,Válido,20
20120,242,Não eleito,CARLOS HENRIQUE DE SIQUEIRA,CARLOS HENRIQUE DO CORREIO,M,13/07/1980,Válido,20
20777,205,Não eleito,JUCINALDO BEZERRA DOS SANTOS,JUCINALDO,M,14/06/1969,Válido,20
20600,7,Não eleito,HILDELANIA MARIA MELO TELES RODRIGUES,HILDELANEA RODRIGUES,F,08/02/1973,Válido,20
20111,101,Não eleito,ARIE BRAULIO DE CAMPOS FILHO,ARIE CAMPOS BATATINHA,M,04/10/1970,Válido,20
20200,56,Não eleito,MARCELO SANTOS DE AMORIM,MARCELO AMORIM,M,01/03/1982,Anulado,20
20000,805,Não eleito,GABRIEL COIMBRA TOMÁS,GABRIEL TOMÁS,M,24/11/1989,Válido,20
20999,138,Não eleito,CARMEM KOSCZINSKI FRIEDRICH,PROFESSORA CARMEM,F,18/03/1967,Válido,20
20020,21,Não eleito,MARIA JAILDA DE JESUS,MARIA JAILDA,F,10/11/1982,Válido,20
20220,476,Não eleito,NELIO WAGNER NEVES,NELIO NEVES,M,18/05/1976,Válido,20
20001,40,Não eleito,LEONARDO RODRIGUES DOMICIANO,ENG LEONARDO DOMICIANO,M,24/09/1987,Válido,20
90543,30,Suplente,EVANIA REGINA DA SILVA MORENO,EVANIA MORENO,F,02/01/1970,Válido,90
90157,20,Suplente,JOSELAINE DA ROCHA ALVES,JOSINHA ROCHA,F,23/11/1994,Válido,90
90777,47,Suplente,DAVISON KLEBBER MAURILIO DANTAS,DAVISON DANTAS,M,04/05/1981,Válido,90
90220,239,Suplente,EMANUEL FERREIRA DO NASCIMENTO,PROFESSOR EMANUEL,M,29/05/1966,Válido,90
90303,820,Suplente,GABRIEL CESAR RICAS LEITE,GABRIEL CESAR,M,03/03/1998,Válido,90
90555,100,Suplente,JEANDERSON EZEQUIEL DE FIGUEIREDO SANTOS,JEAN FIGUEIREDO,M,02/09/1985,Válido,90
90789,1277,Suplente,CARLOS FREDERICK DA SILVA INEZ DE ALMEIDA,CARLOS FREDERICK,M,22/07/1977,Válido,90
90901,483,Suplente,JULIO CESAR DE SOUZA GARCIA,JULIO GARCIA,M,23/03/1974,Válido,90
90360,168,Suplente,NILO SOARES ROSA,NILO MOTO TÁXI,M,03/09/1981,Válido,90
90197,139,Suplente,REINALDO CAMPOS DE OLIVEIRA,REINALDO CAMPOS,M,04/01/1975,Válido,90
90190,112,Suplente,FRANK SUMIYOSHI,FRANK JAPA,M,19/08/1979,Válido,90
90333,323,Suplente,DANIEL ALVES DE OLIVEIRA,ENFERMEIRO DANIEL,M,29/06/1979,Válido,90
90150,16,Suplente,ALEXANDRE PINTO LIBERATTI,DR. LIBERATTI,M,03/03/1970,Válido,90
90578,70,Suplente,IRES PEREIRA DA SILVA,IRES PEREIRA,M,15/03/1982,Válido,90
90300,65,Suplente,EVANDRO DA SILVA,EVANDRO VANDOKA,M,05/05/1982,Válido,90
90000,1130,Suplente,OSCARLINO ALVES DE ARRUDA JUNIOR,OSCARLINO ALVES,M,10/02/1970,Válido,90
90234,66,Suplente,MARIZA BEATRIZ DE SOUZA,MARIZA BEATRIZ DE SOUZA,F,18/10/1957,Válido,90
90567,284,Suplente,CARLOS JOSÉ DOS SANTOS,PROFESSOR CARLOS JOSÉ,M,11/05/1967,Válido,90
90900,337,Suplente,PEDRO RODRIGUES DOS SANTOS,PROFESSOR PEDRO RODRIGUES,M,13/01/1974,Válido,90
90090,68,Suplente,LUANA ANTUNES TEIXEIRA DE CAMPOS,LUANA ANTUNES,F,13/10/1989,Válido,90
90500,56,Suplente,SERGIO DA ROCHA E SILVA,SÉRGIO ROCHA,M,20/05/1974,Válido,90
90111,62,Suplente,ELEN APARECIDA DOS SANTOS,ELEN APARECIDA,F,06/12/1968,Válido,90
90222,419,Suplente,ELENIR PEREIRA ESPINOSA,ELENIR PEREIRA,F,09/08/1962,Válido,90
90147,317,Suplente,ODIRNETE COSME DIAS DA SILVA,PROFESSORA ODIRNETE,F,20/09/1967,Válido,90
90999,158,Suplente,CARLOS ALBERTO CAETANO,PROFESSOR CARLÃO,M,15/11/1966,Válido,90
90350,358,Suplente,MARIO CARREIRO DOS SANTOS,MARIO FEIRANTE,M,29/12/1969,Válido,90
90800,88,Suplente,VILSON DA CUNHA FIGUEIREDO,VILSON CUNHA,M,18/08/1980,Válido,90
90200,338,Suplente,ANDREILZA GALDINO COSTA,PROFESSORA BATATA,F,11/10/1972,Válido,90
90456,378,Suplente,JARBAS ALVES CARVALHO,JARBAS CARVALHO,M,18/02/1968,Válido,90
90400,20,Suplente,LENICE LOPES FELIX,TIA LELÊ,F,04/03/1956,Válido,90
90123,711,Suplente,MARIA ODENILMA DA SILVA,NILMA DA PESCA,F,28/06/1979,Válido,90
90248,211,Suplente,DOMINGOS SÁVIO PEREIRA DA SILVA,SÁVIO PEREIRA,M,26/04/1960,Válido,90
90444,1424,Eleito,JUAREZ PEREIRA VIDAL,SARGENTO VIDAL,M,22/01/1969,Válido,90
50050,501,Não eleito,ELISÂNGELA DO ESPIRITO SANTO SILVA,ELISÂNGELA RENASCER,F,05/05/1978,Válido,50
50123,89,Não eleito,FRANQCIANE DA SILVA MELO,FRANQ MELO,M,01/04/1982,Válido,50
40190,382,Suplente,SAMER ROGER MOREIRA DA SILVA,SARGENTO SAMER ROGER,M,21/01/1977,Válido,40
40555,145,Suplente,FERNANDA DE BRITO MOTTA,FERNANDA MOTTA,F,07/01/1989,Válido,40
40440,15,Suplente,ELIANA FRANCISCO BARRETO SANTOS,ELIANA BARRETO,F,23/04/1969,Válido,40
40100,21,Suplente,HOELTON HOELKER DA SILVA TAPAJOZ,HELTON TAPAJOZ,M,10/06/1986,Válido,40
40666,63,Suplente,ROZANA MARIA DE ARRUDA,ROZANA ARRUDA,F,23/09/1963,Válido,40
40008,20,Suplente,ANA LUCIA CORREA DE OLIVEIRA,LÚ DE OLIVEIRA,F,08/10/1985,Válido,40
40120,158,Suplente,EDEVANDE PINTO DE FRANÇA,EDEVANDE FRANÇA,M,08/10/1959,Válido,40
40800,186,Suplente,SUELI DE FATIMA CARDOSO DE OLIVEIRA,SUELY CARDOSO,F,28/06/1964,Válido,40
40148,104,Suplente,OIRMA DA SILVA AMORIM,OIRMA AMORIM,F,14/08/1957,Válido,40
40789,222,Suplente,ONIRCE SANTANA DE ARRUDA,MÃE NILCE,F,31/01/1956,Válido,40
40040,500,Suplente,JOÃO NERY CHIROLI,CHIROLI,M,25/11/1972,Válido,40
40111,79,Suplente,HUELTON SOUZA DA SILVA,HUELTON SOUZA DA SILVA,M,20/10/1999,Válido,40
40227,113,Suplente,DENIZE ZANCHI DE OLIVEIRA,DENIZE ZANCHI,F,10/05/1979,Válido,40
40888,69,Suplente,JANY LUZ CABREIRA JUNIOR,JUNIOR CABREIRA,M,19/05/1966,Válido,40
40007,12,Não eleito,WALDEMIR RODRIGUES DE MATOS,SGT WALDEMIR MATOS,M,16/12/1975,Anulado,40
40400,63,Suplente,CRISTIANE TORRES ALBUQUERQUE,PROF CRIS TORRES,F,23/06/1980,Válido,40
40006,21,Suplente,ALCINEI MARIA DA SILVA MOURA,ALCINEI MARIA,F,23/02/1984,Válido,40
40852,315,Suplente,EDINALDO GOMES DE SOUSA,PROFESSOR EDINHO,M,30/10/1974,Válido,40
40777,105,Suplente,ELIZABETE DIANA ROCA,BETE ROCA,F,07/07/1964,Válido,40
40000,1652,Suplente,BRUNO ZANCANARO MAGALHÃES,BRUNO MODELO,M,06/01/1990,Válido,40
40222,78,Suplente,LUCINEIDE SANTOS DA SILVA,PROFESSORA LUCINEIDE,F,25/07/1975,Válido,40
40033,567,Suplente,ENDRY LUCAS DOS SANTOS EGIDIO,ENDRY LUCAS,M,03/05/1996,Válido,40
40140,2037,Suplente,ADILSON AMÉRICO MACHADO DE OLIVEIRA,ADILSON LEVANTE,M,14/04/1973,Válido,40
40333,159,Suplente,KLEBER ANDERSON DE CAMPOS,KLEBER CAMPOS,M,31/12/1975,Válido,40
40321,109,Suplente,EZEQUIEL SALOMÂO DA SILVA,EZEQUIEL SALOMÃO,M,03/11/1965,Válido,40
40605,109,Suplente,PAULO PEREIRA DA LUZ,PAULO VGDI,M,17/12/1978,Válido,40
40004,86,Suplente,MARIA APARECIDA BATISTA MARTINS,MARIA MARTINS,F,16/07/1976,Válido,40
40444,157,Suplente,MAX MAGNO DE CAMPOS,MAX CAMPOS,M,17/10/1978,Válido,40
40123,329,Suplente,LAUDICÉRIO AGUIAR MACHADO,CABO DR LAUDICÉRIO,M,18/12/1978,Válido,40
40540,179,Suplente,AMAURI PEREIRA DE ALMEIDA,AMAURI PEREIRA,M,19/07/1966,Válido,40
40999,261,Suplente,WANDERSON DOS SANTOS OLIVEIRA,WANDERSON SANTOS,M,28/09/1981,Válido,40
40044,39,Suplente,GENESIO MACHADO DE ARAÚJO,GENÉSIO ARAUJO,M,06/10/1997,Válido,40
40149,48,Suplente,ANA PAULA GOMES TEIXEIRA,ANA PAULA GOMES,F,22/10/1984,Válido,40
40193,10,Não eleito,EDINALDO PEREIRA FERREIRA,NALDO PEREIRA,M,12/02/1984,Anulado,40
40567,2122,Eleito,DIDIMO DA SILVA RODRIGUES,DIDIMO VOVÔ,M,22/12/1979,Válido,40
40020,203,Suplente,AMADO SOARES SANTIAGO,AMADO SANTIAGO,M,10/03/1961,Válido,40
40500,1336,Suplente,EDLEUSA AFONSO DE MESQUITA FILGUEIRAS,EDLEUSA MESQUITA,F,06/04/1976,Válido,40
40456,532,Suplente,ERIVELTO VIEIRA NUNES,ERIVELTO,M,25/02/1977,Válido,40
14444,32,Suplente,MARCELO LEITE,PR MARCELO LEITE,M,12/04/1977,Válido,14
14500,3622,Eleito,ADEVAIR BATISTA CABRAL,ADEVAIR CABRAL,M,16/08/1965,Válido,14
14600,40,Suplente,ODIENA GONÇALVES DE AZEVEDO,ODIENA GONÇALVES,F,21/09/1980,Válido,14
14400,88,Suplente,NELSON FERREIRA DE BARROS,NELSON BARROS SIDICO,M,28/08/1953,Válido,14
14300,798,Suplente,CELY MARIA AUXILIADORA BARROS ALMEIDA,CELY ALMEIDA,F,20/06/1952,Válido,14
14789,1749,Suplente,MISAEL OLIVEIRA GALVÃO,MISAEL GALVÃO ,M,16/08/1969,Válido,14
14111,538,Suplente,MARCIO NERIS DA SILVA,MARCIO NERIS  ,M,10/01/1975,Válido,14
14900,10,Suplente,CLEIDE DA SILVA OLIVEIRA,PROFª CLEIDE OLIVEIRA ,F,18/05/1983,Válido,14
14014,1175,Suplente,RENATO ANSELMO VILELA,RENATO ANSELMO  ,M,26/01/1988,Válido,14
14123,344,Suplente,JULIANA SATURNO MIRANDA,JULIANA SATURNO,F,09/12/1984,Válido,14
14222,188,Suplente,MARCOS ROBERTO ALVES DANTAS,BETÃO,M,26/09/1971,Válido,14
14666,38,Suplente,EMILLY IRIS MORAES CUNHA,EMILLY MORAES,F,09/06/1998,Válido,14
14614,144,Suplente,VALDIVINO TAVARES ALVES DE ARRUDA,DIVINO SANTA ISABEL ,M,15/05/1970,Válido,14
14555,154,Suplente,EURIPEDES TEIXEIRA DE MATOS,EURIPEDES MATOS,M,10/12/1971,Válido,14
14141,173,Suplente,CELIA REGINA MAZZER CUNHA,CÉLIA MAZZER,F,15/10/1964,Válido,14
14700,42,Suplente,JOELTON SANDRO CANDIDO DE OLIVEIRA,MC BANANA,M,03/09/1982,Válido,14
14456,35,Suplente,KELEM TATIANE HELLEBRANDT DOS SANTOS,KELEM HELLEBRANDT,F,11/01/1975,Válido,14
14200,101,Suplente,CRISTIANE APARECIDA DA SILVA,ADV CRIS,F,29/04/1977,Válido,14
14100,155,Suplente,JADIEL TELLES DA SILVA RAMOS,JADIEL TELLES,M,12/04/1981,Válido,14
14321,260,Suplente,WEMERSON TEODORO DE SOUZA,DOIDINHODUCORTE,M,07/11/1997,Válido,14
14580,220,Suplente,ABEL JESUS DE ARRUDA FILHO,ABEL ARRUDA,M,06/02/1966,Válido,14
14000,2967,Suplente,MARCUS FABRICIO NUNES DOS SANTOS,MARCUS FABRICIO,M,07/05/1973,Válido,14
14333,114,Suplente,AILTON BATISTA DE JESUS,AILTON BH,M,01/01/1965,Válido,14
14777,68,Suplente,SANTINA FELICIA GUMULIAUSKIS DE SOUZA,SANTINA FELICIA,F,12/08/1961,Válido,14
14708,144,Suplente,EVERALDO DE OLIVEIRA,EVERALDO MAGRÃO,M,11/05/1977,Válido,14
12888,91,Suplente,QUESIA VITORIA CAPELARI DOS SANTOS,VITORIA CAPELARI,F,25/04/1998,Válido,12
12789,325,Suplente,EDIVALDO ROCHA DOS SANTOS,PROFESSOR EDIVALDO ROCHA,M,19/09/1960,Válido,12
12034,19,Suplente,LUCIANA APARECIDA DO NASCIMENTO,LUCIANA NASCIMENTO,F,12/03/1982,Válido,12
12007,612,Suplente,RUSTISON PEDROSO,MARCELO CUIABANO,M,12/07/1969,Válido,12
12200,21,Suplente,YASMIM ROCHA DA SILVA,YASMIM ROCHA,F,01/04/1999,Válido,12
12180,261,Suplente,AMARANTHA TATYS PEREIRA PINTO,AMARANTHA TATYS,F,08/12/1986,Válido,12
12121,466,Suplente,AURO ELIAS FERNANDES DA SILVA,AURO FERNANDES,M,27/05/1994,Válido,12
12800,59,Suplente,ROBERTINO FRANCISCO SOBRINHO,ROBERTINO DA FARMACIA,M,06/01/1962,Válido,12
12333,219,Suplente,ANDREIA SCHWARZ SANTOS SILVA,ANDREIA SANTOS,F,30/11/1980,Válido,12
12512,89,Suplente,JOCINEIA NEVES DE ARRUDA,JOSI ARRUDA,F,01/04/1974,Válido,12
12000,59,Suplente,MARCELO TERRA DE ALMEIDA,MARCELO TERRA,M,25/05/1974,Válido,12
12300,409,Suplente,DIOGO PEIXOTO BOTELHO,DIOGO BOTELHO,M,10/11/1983,Válido,12
12700,198,Suplente,JEMIMA CAMARGO DE SOUZA,JEMIMA CAMARGO,F,27/05/1986,Válido,12
12345,919,Suplente,MARILDA FATIMA GIRALDELLI,BAIXINHA GIRALDELLI,F,03/10/1962,Válido,12
12100,616,Suplente,RAUNY ALVES DE OLIVEIRA,RAUNY OLIVEIRA,M,14/11/1987,Válido,12
12128,96,Suplente,VIVIANE CRISTINA CANTARELLA,VIVIANE CANTARELLA,F,22/03/1976,Válido,12
12480,8,Não eleito,VANUZA SILVA MENESES,VANUZA MENESES,F,11/12/1995,Anulado,12
12125,193,Suplente,ANDERSON BARBALHO RIBEIRO,ANDERSON BARBALHO,M,25/07/1984,Válido,12
12580,798,Suplente,EVERSON DA SILVA JESUS,JOHNNY EVERSON,M,13/07/1973,Válido,12
12126,178,Suplente,JENIFER DA SILVA GAVILAN,PROFESSORA JENIFER,F,27/02/1989,Válido,12
12555,1757,Eleito,EMANUEL MUSSA AMUI PINHEIRO,LILO,M,10/05/1985,Válido,12
12678,45,Suplente,LOURENCO JOSE FRANZON CALESTINI,LOURENCO FRANZON,M,06/06/1979,Válido,12
12456,187,Suplente,VALDEMIR RODRIGUES PASCOAL,VALDEMIR PASCOAL,M,01/04/1979,Válido,12
12321,176,Suplente,FERNANDO METELLO BELLIDO,FERNANDO METELLO CAXORRÃO,M,26/05/1976,Válido,12
12222,44,Suplente,GILIANE TAINA ALVES DA CRUZ NEVES,TAINA ALVES,F,21/05/1988,Válido,12
12600,737,Suplente,MAURICIO DIAS DE MENDONÇA,MAURICIO DIAS,M,28/02/1982,Válido,12
12123,38,Não eleito,CARLOS CESAR LEITE DE QUEIROZ,CARLOS QUEIROZ,M,18/10/1973,Anulado,12
12012,33,Suplente,JULIO CEZAR DA SILVA MATOS,CEZAR MATOS,M,01/07/1974,Válido,12
11597,24,Suplente,JEANNY ZIEBELL,JEANNY ZIEBELL,F,03/09/1965,Válido,11
11456,24,Suplente,MARIA DE FÁTIMA COSTA CAMPOS,FÁTIMA AUTOESCOLA,F,19/05/1974,Válido,11
11065,69,Suplente,TIARLIS ALVES DE SOUZA,TIARLES RHAVES,M,09/01/1991,Válido,11
11649,48,Suplente,ANGELITA RONDON FORTES,ANGELITA FORTES,F,16/05/1969,Válido,11
11222,2964,Suplente,ALEX RODRIGUES,ALEX RODRIGUES,M,09/07/1988,Válido,11
11211,103,Suplente,IZAQUE DO NASCIMENTO ROSA,PROF. IZAQUE LUX,M,03/05/1981,Válido,11
11322,3001,Suplente,LUIS CLAUDIO DE CASTRO SODRÊ,LUIS CLAUDIO,M,29/04/1966,Válido,11
11000,2276,Suplente,MAURELIO DE LIMA BATISTA RIBEIRO,MAURELIO RIBEIRO,M,17/09/1960,Válido,11
11999,200,Suplente,HANDERSON DE ARRUDA AMORIM,HANDERSON CABELEREIRO,M,30/03/1980,Válido,11
11600,76,Suplente,TAIANA CAROLINE DOS SANTOS PINTO,TAIANA CAROLINE,F,21/01/1987,Válido,11
11010,52,Suplente,DULCELINA GONÇALVES FERREIRA,DULCE GONÇALVES,F,03/08/1964,Válido,11
11500,194,Suplente,LARISSA CARDOSO DE OLIVEIRA GONÇALVES SILVA,LARISSA GONÇALVES,F,25/03/1991,Válido,11
11150,21,Suplente,MARLEUSA DE JESUS PEREIRA DA SILVA,ENFERMEIRA MARLEUSA,F,08/08/1971,Válido,11
11311,79,Suplente,GREICE MARIA NUNES FARES,GREICE FARES,F,16/02/1961,Válido,11
11777,1054,Suplente,ORIVALDO JULIO ALVES,ORIVALDO DA FARMÁCIA,M,12/04/1964,Válido,11
11140,167,Suplente,MARCOS DA SILVA ALBUQUERQUE,MARQUINHOS PQ ATALAIA COXIPÓ,M,03/11/1979,Válido,11
11888,191,Suplente,DAYANNE PRISCILLA ZARK BORGES,DAYANNE ZARK,F,08/10/1987,Válido,11
11001,89,Suplente,ADMIR CONCEIÇÃO MENDES,ADMIR SELVA,M,15/12/1980,Válido,11
11355,66,Suplente,LINDAURA PEREIRA RAMOS,LINDAURA RAMOS,F,11/03/1955,Válido,11
11300,64,Suplente,KYTINÊS DE ALMEIDA LOPES,MIMI DO POVO,F,15/03/1970,Válido,11
11100,242,Suplente,EDISANTOS SANTANA FERREIRA DE AMORIM,EDISANTOS ECONOMISTA,M,15/08/1974,Válido,11
11013,26,Suplente,CARLA RUBIA DA GUIA,CARLÃO,F,19/02/1965,Válido,11
11333,554,Suplente,JAMILSON ADRIANO DE SOUZA MOURA,JAMILSON MOURA,M,02/09/1978,Válido,11
11111,3270,Eleito,DEMILSON NOGUEIRA MOREIRA,DEMILSON NOGUEIRA,M,03/03/1962,Válido,11
11123,3729,Eleito,MARCREAN DOS SANTOS SILVA,MARCREAN SANTOS,M,12/05/1973,Válido,11
22789,30,Suplente,PATRICIA CARMO PEREIRA DA SILVA,PATRICIA PEREIRA ,F,28/08/1985,Válido,22
22622,267,Suplente,DANIEL ROBERTO DA SILVA,DANIEL ROBERTO,M,10/10/1965,Válido,22
22202,108,Suplente,JOSELITA BRUNA CLAUDINO BERNARDES,JOSELITA,F,07/12/1998,Válido,22
22123,1281,Eleito,FRANCISCO CARLOS AMORIM SILVEIRA,CHICO 2000,M,24/03/1955,Válido,22
22777,963,Suplente,EDILSON ODILON DA SILVA,EDILSON ODILON,M,04/10/1975,Válido,22
22122,329,Suplente,LUIZ MARIO DO ESPIRITO SANTO PEREIRA,LUIZ POÇÃO,M,13/12/1961,Válido,22
22321,117,Suplente,JOAQUIM NETO SILVA ARAUJO,PROFº INSTRUTOR JOAQUIM NETO,M,01/01/1977,Válido,22
22065,261,Suplente,CRISTIANO ESPIRITO SANTOS,CRISTIANO PARAQUEDA,M,13/03/1986,Válido,22
22333,34,Suplente,SEBASTIÃO LEMES DE MORAES,SEBASTIÃO MORAES,M,05/08/1970,Válido,22
22200,186,Suplente,DARLEY GONÇALVES FERREIRA,DARLEY GONÇALVES,M,14/04/1986,Válido,22
22580,816,Suplente,LUIZ RICARDO DE OLIVEIRA LOBO,RICARDO LOBO,M,15/07/1974,Válido,22
22022,118,Suplente,ALADIR LEITE ALBUQUERQUE,ALADIR LEITE,M,22/10/1957,Válido,22
22113,221,Suplente,ROSENIL LUIZ DA SILVA,ROSENIL LUIZ CANELINHA DE PACU,M,01/10/1966,Válido,22
22345,38,Suplente,SELMA LUZIA PINHEIRO DA SILVA,SELMA PINHEIRO,F,13/12/1969,Válido,22
22666,65,Suplente,LUCELIA PEREIRA NEVES,LUCELIA NEVES,F,12/01/1974,Válido,22
22722,22,Suplente,BENEDITA LUZIA DUARTE,BENE,F,28/10/1954,Válido,22
22180,132,Suplente,CLAUDENIR COELHO MARÇAL,KALL MARÇAL,F,25/09/1973,Válido,22
22226,40,Suplente,MARIA APARECIDA RIBEIRO DA SILVA,IRMÃ CIDA,F,03/01/1971,Válido,22
22700,26,Suplente,ISATELMA DE OLIVEIRA LARA SILVA,ISATELMA LARA,F,28/12/1970,Válido,22
22555,252,Suplente,VALNEY SOUZA CORREA,VALNEY,M,08/09/1972,Válido,22
22000,562,Suplente,JUSTINO MACIEL DE CAMPOS,JUSTINO CAMPOS,M,26/02/1965,Válido,22
22111,112,Suplente,BENEDITO PAULO NUNES DE ABREU,DITO PAULO BOTAFOGO,M,25/01/1959,Válido,22
22456,315,Suplente,JANIE BATISTA COSTA,JANIÊ ,F,22/11/1970,Válido,22
22100,419,Suplente,GERSON JOÃO DE ARRUDA,GERSON ARRUDA,M,31/07/1972,Válido,22
22007,337,Suplente,RAFAEL LEONILSON OLIVEIRA SILVA,RAFAEL FARÉ,M,03/04/1990,Válido,22
22023,250,Suplente,DIOGO CESAR FERNANDES,DIOGO FERNANDES,M,04/02/1984,Válido,22
22155,49,Suplente,MESSIAS ARRUDA DE AGUIAR,MESSIAS ARRUDA,M,15/09/1984,Válido,22
22222,264,Não eleito,JOSE MARCONDES DOS SANTOS NETO,MUVUCA,M,02/05/1975,Anulado,22
22424,105,Suplente,SEBASTIÃO BATISTA DA CRUZ,SEBASTIÃO PICINHA,M,26/03/1969,Válido,22
22050,19,Suplente,SOLANGE ALVES FEITOZA,SOLANGE FEITOZA,F,09/02/1971,Válido,22
22665,153,Suplente,JOSÉ ZACARIAS DE OLIVEIRA,ZÉ DO PICOLÉ,M,25/09/1962,Válido,22
65090,337,Não eleito,ANDRÉ AUGUSTO SIRICO,ANDRÉ DA CLARO DO PEDRA,M,03/11/1986,Válido,65
65123,43,Não eleito,JOSÉ PEREIRA FILHO,JOSÉ PEREIRA,M,07/10/1961,Válido,65
65555,55,Não eleito,GIULIANO ROBLEDO ZUCOLOTO MOREIRA,PROFESSOR GIULIANO,M,03/09/1983,Válido,65
65180,99,Não eleito,DANIFAN MADALENA CUNHA LEITE,DANIFAN,F,29/09/1994,Válido,65
65223,17,Não eleito,JANA BENEDITA SOARES DA SILVA,JANA,F,22/03/1980,Válido,65
65065,93,Não eleito,NADIELE ESTEFFANI CALDAS QUEIROZ,NADIELE,F,03/04/1988,Válido,65
65500,46,Não eleito,ROSELI APARECIDA DE SIQUEIRA,ROSELI,F,11/10/1967,Válido,65
65165,23,Não eleito,SANDRA MARIA ALMEIDA DOS SANTOS,PROFESSORA SANDRA MARIA,F,13/04/1960,Válido,65
65608,57,Não eleito,KELVIN CAMPOS DIAS MOURA,KELVIN,M,18/11/1995,Válido,65
65507,37,Não eleito,UESLE LUCAS OJEDA BARROS,LUCAS OJEDA,M,29/12/1987,Válido,65
65252,13,Não eleito,SEBASTIÃO DE ALMEIDA ANDRADE,TIÃO VIGILANTE,M,25/09/1960,Válido,65
65432,36,Não eleito,VANDERSON GUIA DE SOUZA,VANDO PNEUS,M,20/09/1979,Válido,65
65024,42,Não eleito,RONE MARCOS BATISTA DE PÁDUA,PROFESSOR RONE DE PÁDUA,M,26/05/1970,Válido,65
65300,224,Não eleito,IVANE INEZ PIAIA,PROFª IVANE PIAIA,F,07/04/1960,Válido,65
65321,182,Não eleito,ANDRÉA DOS SANTOS,PROFESSORA ANDRÉA SANTOS,F,02/06/1973,Válido,65
65789,72,Não eleito,THIAGO FERNANDES MOTA,THIAGO MOTA,M,02/05/1986,Válido,65
65026,67,Não eleito,BENITEZ UBIRATAN SOUZA DA SILVA,BIRA,M,26/10/1978,Válido,65
65700,71,Não eleito,CLAUDETE BENEDITA DE AZEVEDO,CLAUDETE,F,31/12/1970,Válido,65
35035,11,Não eleito,KATIA AUXILIADORA DE AMORIM ALVES,KATIA AMORIM,F,16/06/1972,Válido,35
35009,0,Não eleito,ELIZABEL DA SILVA,ELIZABEL,F,02/10/1950,Válido,35
35060,0,Não eleito,JOSE RIBEIRO NEVES,JOSE RIBEIRO ,M,19/10/1967,Anulado,35
35000,86,Não eleito,TACIANNE DA SILVA,TACIANNE SILVA,F,12/01/1985,Válido,35
35010,0,Não eleito,MILTON APARECIDO SANT'ANA,MILTON,M,20/07/1970,Válido,35
35036,3,Não eleito,MAIRDES MIRTES DA SILVA AMORIM,MILDES,F,07/08/1970,Válido,35
35073,7,Não eleito,ANA CAROLINA COSTA OLIVEIRA,ANA CAROLINA COSTA,F,18/10/1977,Anulado,35
35040,0,Não eleito,JOSE EDER MONTE DA CRUZ CASTRO,JOSE EDER MONTE,M,20/06/1982,Válido,35
35001,2,Não eleito,ADRIANA GLERIAN SILVA MEIRA,ADRIANA GLERIAN,F,15/03/1976,Válido,35
35020,7,Não eleito,DANIEL PEREIRA SOARES SOUZA,DANIEL SOUZA,M,23/05/1990,Anulado,35
35025,0,Não eleito,ANA MARIA PEDROSO,ANA PEDROSO,F,18/11/1962,Válido,35
35003,21,Não eleito,MARIOVAN WILLIAM CONSTANTINO,MARIOVAN,M,24/01/1986,Anulado,35
35038,4,Não eleito,LEIDIANE PAZ LEANDRO,LEIDIANE PAZ,F,05/03/1984,Válido,35
36777,260,Não eleito,HELLEN MARLEY DA SILVA ANUNCIAÇÃO,ENFERMEIRA HELLEN,F,05/02/1964,Válido,36
36226,19,Não eleito,EDUARDO BOSCO DA SILVA,EDU CHOCOLATE,M,13/04/1982,Válido,36
36926,9,Não eleito,MARTHA ALCIONE FRANCO,MARTHA ALCIONE,F,24/01/1972,Válido,36
36300,140,Não eleito,BENEDITO ROBSON MONTEIRO DE ANDRADE,PROFESSOR ROBSON,M,12/12/1962,Válido,36
36400,49,Não eleito,WENDERS SEBASTIÃO DIAS DE ARAUJO,WENDERS FOTOGRAFO,M,11/01/1996,Válido,36
36555,61,Não eleito,ELENICE MARIA DA SILVA,ELENICE SILVA,F,20/11/1966,Válido,36
36987,136,Não eleito,MARCELO JOSÉ HARDMAN MEDINA,BOB MEDINA,M,02/09/1976,Válido,36
36200,1428,Não eleito,EDEMIR CLAUDIO XAVIER,DR XAVIER,M,26/01/1966,Válido,36
36367,127,Não eleito,JOSE LITO TAPAJOS,ZELITO TAPAJOS,M,07/10/1960,Válido,36
36020,54,Não eleito,ROSA MARIA MARQUES,ROSA MARIA,F,10/03/1958,Válido,36
36121,40,Não eleito,ODAILSON NUNES DOS SANTOS,PROFESSOR PRETO,M,12/10/1975,Válido,36
36321,37,Não eleito,KLEBER CORREA ZAEZAE,ZAEZAÉ,M,31/05/1993,Válido,36
36536,78,Não eleito,PATRÍCIA REGINA DA SILVA BOTTA,PATRÍCIA SILVA,F,12/08/1985,Válido,36
36001,30,Não eleito,DORACY PEREIRA DE MOURA CAMPOS,DORACY PEREIRA,F,01/10/1961,Válido,36
36456,771,Não eleito,NEWTON CESAR PEREIRA,NEWTON BENGUÉ,M,14/04/1978,Válido,36
36123,207,Não eleito,CARLOS YUHITI HIROSE,CARLOS DA LUNÓTICA,M,27/11/1961,Válido,36
36166,23,Não eleito,MILER MIRANDA DE CAMPOS,PROFESSORA MILER,F,07/10/1963,Válido,36
36100,84,Não eleito,CLEBER DIEGO ADORNO MOURA,CLEBER ADORNO,M,10/07/1987,Válido,36
36362,2,Não eleito,ANA CAROLINA PALHARES DA SILVA,ANA CAROLINA,F,19/02/1984,Válido,36
36111,113,Não eleito,JOSÉ CARLOS RODRIGUES DA SILVA,PROFESSOR CARLÃO DO OCTACÍLIO,M,24/03/1962,Válido,36
36361,86,Não eleito,DANIEL MARTINS DOS SANTOS,DANIEL MARTINS,M,08/09/1977,Válido,36
36000,615,Não eleito,WILLYS JORGE MARTINS,WILLYS,M,23/04/1987,Válido,36
36036,392,Não eleito,ANTONIO CESAR DA SILVA,TOTO CESAR,M,14/09/1974,Válido,36
36369,450,Não eleito,LEIDIANE DOS SANTOS SOUZA,LEIDIANE VIDAL,F,30/07/1987,Válido,36
36789,404,Não eleito,MAURILIO MARCIO POUSO,MAURO POUSO,M,07/05/1964,Válido,36
36013,23,Não eleito,HERCILENA LOPES,PARAGUAIA,F,19/09/1955,Válido,36
36999,105,Não eleito,ELTON ALVES DE ANDRADE,PROFESSOR ELTON,M,20/06/1965,Válido,36
36222,48,Não eleito,CARLOS ROBERTO DA SILVA,CARLOS ROBERTO,M,22/02/1985,Válido,36
36070,89,Não eleito,VALTER MARTINS DOS REIS,WALTER BABILÔNIA,M,09/12/1970,Válido,36
36021,6,Não eleito,ANA CATARINA ANTUNES DA CRUZ,CATARINA,F,19/07/1971,Válido,36
36573,85,Não eleito,ELIETE SOARES DA SILVA,ELIETE SOARES,F,24/06/1968,Válido,36
36500,207,Não eleito,VERGILIO DE ARRUDA FILHO,VERGÍLIO DE ARRUDA,M,08/09/1971,Válido,36
13777,105,Não eleito,ANTONIA VANDA DE SOUZA CURVO,VANDA DA FEIRA,F,01/06/1971,Anulado,13
13123,242,Suplente,BENEDITO JOÃO DE SANTANA,PROF DITINHO SANTANA,M,15/11/1968,Válido,13
13222,117,Suplente,CHIRLEI PEREIRA DOS SANTOS,CHIRLEI PEREIRA,F,24/10/1982,Válido,13
13100,101,Suplente,VALTER JOSE SANDRO FARIA,VALTER SANDROBAR,M,26/09/1979,Válido,13
13566,248,Suplente,DENILSON D'ARC SILVA DE OLIVEIRA,DENILSON D'ARC,M,20/04/1999,Válido,13
13678,362,Suplente,GERMANIO DE ARAUJO,GERMANIO DE ARAUJO,M,11/04/1978,Válido,13
13200,106,Suplente,CLAUDIONILTON CARDOSO,CLAUDIO CARDOSO,M,05/05/1981,Válido,13
13130,74,Suplente,URBANO RIBEIRO DOS REIS,INDIO DO BRASIL PT,M,02/04/1950,Válido,13
13987,25,Suplente,ADENIZE IZADORA PINTO ALMEIDA,ADENIZE,F,04/04/1979,Válido,13
13456,265,Suplente,VALDINA DA SILVA FERREIRA,KACO DO CPA,M,23/05/1974,Válido,13
13813,65,Suplente,MARIA DA CONCEIÇÃO SANTOS CORTEZ,KOTA CORTEZ,F,08/12/1971,Válido,13
13333,92,Suplente,HENIO PINTO DE ARRUDA,HÊNIO ARRUDA,M,14/03/1961,Válido,13
13789,100,Suplente,TELMA SEVERINA DOS REIS RODRIGUES,TELMA REIS,F,21/06/1974,Válido,13
13530,221,Suplente,JOSE ALVES DE MIRANDA,ANJINHO DO GÁS,M,24/10/1978,Válido,13
13003,37,Suplente,DEJANIRA ANGELINA DA SILVA,DEJANIRA ANGELINA ,F,17/03/1953,Válido,13
13150,310,Suplente,ANTONIO CARLOS DE OLIVEIRA,ANTONIO CARLOS BILA,M,10/01/1967,Válido,13
13007,100,Suplente,ALLEXANDRE BLANCO RODRIGUES OLIVEIRA,ALLEXANDRE JACARÉ,M,30/08/1982,Válido,13
13013,927,Suplente,ROBINSON CIREIA DE OLIVEIRA,PROF ROBINSON CIREIA,M,17/08/1977,Válido,13
13555,220,Suplente,MARCOS VIANA,MARCOS VIANA LUCIO SOM,M,07/12/1971,Válido,13
13131,2902,Eleito,EDNA LUZIA ALMEIDA SAMPAIO,EDNA SAMPAIO,F,24/02/1967,Válido,13
13301,545,Suplente,FABIO MATOS DA SILVA,FABIO GAUCHO,M,06/05/1972,Válido,13
13000,276,Suplente,GABRIEL HENRIQUE CARMO E SILVA,GABRIEL HENRIQUE,M,13/01/1996,Válido,13
13234,197,Suplente,ANTONIA MARTA DA ROCHA,MARTA ROCHA,F,13/01/1962,Válido,13
13567,105,Suplente,CRISTIAN FERNANDO OLIVEIRA MOTA,CRISTIAN FERANDO,M,09/08/1984,Válido,13
13999,155,Suplente,ALDI GOMES,ALDI GOMES,M,04/06/1963,Válido,13
13654,148,Suplente,ANTONIO DOMINGOS DA SILVA,DOMINGOS DO TRANSPORTE,M,24/07/1963,Válido,13
43789,1782,Suplente,RAUFRIDES MACEDO,RAUF MACEDO,M,11/06/1965,Válido,43
43667,77,Suplente,CLEONICE RAMOS,CLEONICE RAMOS,F,04/04/1973,Válido,43
43300,88,Suplente,ODILZA TEREZINHA DA SILVA,ODILZA PRETA,F,24/09/1974,Válido,43
43666,1257,Suplente,JUSTINO MALHEIROS NETO,JUSTINO MALHEIROS,M,14/03/1972,Válido,43
43024,217,Suplente,GILMAR DOS SANTOS,GILMAR SANTOS,M,20/09/1976,Válido,43
43650,95,Suplente,LOURDES TRINDADE SILVA DORILEO,LOURDES DORILEO,F,26/04/1963,Válido,43
43000,715,Suplente,ELZIO JOSÉ DA SILVA VELASCO,ELZIO XAULIN,M,07/03/1971,Válido,43
43043,1629,Suplente,CLEY ROBERTO FERNANDES DA SILVA,ROBERTINHO FERNANDES,M,13/05/1970,Válido,43
43456,1427,Suplente,MARCOS AURELIO VELOSO E SILVA,DELEGADO MARCOS VELOSO,M,22/02/1963,Válido,43
43678,102,Suplente,MARLUCIANO BARROS ROCHA,LUCIANO ROCHA,M,11/02/1968,Válido,43
43444,3194,Eleito,MARCUS ANTONIO DE SOUZA BRITO JUNIOR,MARCUS BRITO JR,M,15/11/1984,Válido,43
43004,46,Suplente,MOACIR DA SILVA AIRES,MOACIR AIRES,M,30/01/1962,Válido,43
43026,190,Suplente,JONILSON VIANA,TITO RELOJOEIRO,M,05/02/1968,Válido,43
43008,21,Suplente,GERSON SILVA RABELO,RABELO,M,30/03/1959,Válido,43
43003,65,Suplente,JANINE AUXILIADORA DA CONCEIÇÃO,JANINE LEVY,F,20/05/1977,Válido,43
43007,43,Suplente,WILCLEIA MOREIRA,DIVA PROTETORA DOS ANIMAIS,F,14/12/1985,Válido,43
43111,30,Suplente,ZILDA FERREIRA GUIMARÃES,ZILDA GUIMARÃES,F,04/02/1963,Válido,43
43210,698,Suplente,JANIO FLAVIO DE AMORIM,JANIO AMORIM,M,26/03/1981,Válido,43
43033,143,Suplente,GETULIO MUNIZ PORTO,GETULIO MUNIZ,M,31/10/1950,Válido,43
43333,87,Suplente,EDILSON ROBERTO MENDES DA ROSA,EDILSON ROSA,M,10/10/1963,Válido,43
43665,774,Suplente,SIDNEY DE SOUZA,SIDNEY DE SOUZA,M,31/10/1977,Válido,43
43555,283,Suplente,MARIA EDUARDA DE FRANÇA MOLINA,MARIA MOLINA,F,19/05/2001,Válido,43
43443,813,Suplente,OZIANE ALVES RODRIGUES MARTINS,OZIANE RODRIGUES JORNALISTA,F,21/04/1987,Válido,43
43222,629,Suplente,UGOLINA CEZARIA DA CRUZ,UGA CRUZ,F,01/04/1963,Válido,43
43192,201,Suplente,IVONE MARIA DA SILVA PORTUGAL,IVONE PORTUGAL,F,13/01/1970,Válido,43
43800,604,Suplente,RONALD MUZZI NETO,RONALD MUZZI,M,28/06/1968,Válido,43
43344,155,Não eleito,EDSON DA SILVA PIRES,EDSON PIRES BRASIL,M,19/08/1972,Anulado,43
43777,814,Suplente,ONOFRE DE FREITAS JUNIOR,ONOFRE JUNIOR,M,18/05/1966,Válido,43
43321,58,Suplente,HERMES PAIVA SERRA,HERMES SERRA SERRA,M,08/05/1962,Válido,43
43123,2434,Eleito,MARIO ANTONIO MOYSES NADAF,MARIO NADAF,M,23/02/1966,Válido,43
43999,1884,Eleito,PAULO HENRIQUE DE FIGUEIREDO,PAULO HENRIQUE,M,08/03/1968,Válido,43
43556,969,Suplente,MARCOS PAULO SERRA DA SILVA,MARQUINHOS CARIOCA,M,05/01/1975,Válido,43
43023,222,Suplente,LUCAS JOSÉ MOREIRA MOTA,LUCAS MOTA,M,28/08/1986,Válido,43
43200,1762,Suplente,ZIDIEL INFANTINO COUTINHO JUNIOR,ZIDIEL COUTINHO,M,28/01/1979,Válido,43
43223,525,Suplente,GILSON PEREIRA BATISTA,GILSON BATISTA,M,26/05/1970,Válido,43
43090,71,Suplente,MIRIAM DE OLIVEIRA,MIRIAM DO PEDRA NOVENTA,F,18/02/1971,Válido,43
43457,34,Suplente,VERA LUCIA MAGALHÃES SILVA,LUCIA MAG,F,25/04/1956,Válido,43
45451,35,Suplente,EDIANA FERREIRA DE CAMPOS,EDIANA FERREIRA,F,26/05/1974,Válido,45
45455,18,Suplente,AMANDA RAFAELA GOMES DA SILVA,AMANDA MANTOVANI,F,21/12/1988,Válido,45
45783,158,Suplente,ODENIR NILO DA SILVA,NICA,M,26/09/1971,Válido,45
45500,1307,Suplente,MARIA DO CARMO MOREIRA OLIVEIRA AVALONE,MARIA AVALONE,F,16/07/1958,Válido,45
45333,97,Suplente,VINICIUS DE PAULA MOREIRA,VINICIUS MOREIRA,M,14/11/1977,Válido,45
45105,164,Suplente,ERASMO CARLOS DA COSTA,CARLOS MENEGATTI,M,20/08/1973,Válido,45
45222,19,Suplente,RUBSNEI BUENO GALVARRO,ROBINHO BUENO,M,03/06/1980,Válido,45
45123,208,Suplente,RONAN KAYQUE DE SOUZA ALVES,RONAN ALVES,M,27/11/1995,Válido,45
45345,32,Suplente,AUGUSTO FERREIRA DA SILVA,GUGU,M,03/04/1960,Válido,45
45228,92,Suplente,SUILENE RAMOS DE MAGALHAES,SUILENE MAGALHÃES,F,30/05/1976,Válido,45
45100,1605,Suplente,RICARDO SAAD,DR RICARDO SAAD,M,23/09/1949,Válido,45
45865,33,Suplente,EDINETH SEBASTIANA DOS SANTOS,EDINETH,F,17/01/1967,Válido,45
45431,42,Suplente,HILDA CORREA GOMES DE ARRUDA,HILDA,F,10/05/1958,Válido,45
45000,87,Suplente,DOMINGOS SOARES DA SILVA,FUMAÇA SOARES,M,09/09/1969,Válido,45
45040,80,Suplente,MESSIAS DO BOM DESPACHO DE BARROS,MESSIAS,M,08/05/1965,Válido,45
45889,7,Suplente,LEIVA MARIA LOPES,LEIVA LELE,F,11/07/1972,Válido,45
45145,24,Suplente,CREUZA MARCIA DE OLIVEIRA VIANA,CREUZA MARCIA,F,21/01/1972,Válido,45
45555,885,Suplente,ANTONIO FERREIRA DE SOUZA,TONINHO DE SOUZA,M,10/08/1966,Válido,45
45045,2606,Eleito,RENIVALDO ALVES DO NASCIMENTO,RENIVALDO NASCIMENTO,M,07/10/1961,Válido,45
45600,46,Suplente,GILBERTO RODRIGUES TEIXEIRA,BETINHO,M,19/06/1965,Válido,45
45101,71,Suplente,JAMIL DE PAULA RAMOS,PROFESSOR JAMIL,M,13/05/1942,Válido,45
29029,32,Não eleito,ANDRÉ ELIAS CRUZ ANTUNES,ANDRÉ ELIAS ANTUNES,M,06/05/1992,Válido,29
19400,93,Suplente,MAICON APARECIDO DA SILVA,MAICON APARECIDO,M,11/06/1980,Válido,19
19555,445,Suplente,TIAGO SALES DE ALMEIDA,GATO LOUCO,M,11/05/1988,Válido,19
19220,386,Suplente,JOSÉ MENEZES SIQUEIRA,MENEZES DA FARMÁCIA,M,11/05/1963,Válido,19
19007,409,Suplente,MARCIONE MENDES DE PINHO,MARCIONE,M,13/02/1977,Válido,19
19991,260,Suplente,FLÁVIO MESQUITA MUNHOZ DA SILVA,KIKO DOS GUERREIROS,M,09/09/1982,Válido,19
19190,302,Suplente,CÉLIA REGINA SILVA PAIXÃO,CÉLINHA PAIXÃO,F,30/05/1962,Válido,19
19002,230,Suplente,TERMA MARIA DE MORAES SILVA DELGADO,TELMA DELGADO,F,31/05/1972,Válido,19
19456,390,Suplente,CARLOS FRANCISCO RODRIGUES DA COSTA,PROF: CARLINHOS,M,10/09/1980,Válido,19
19700,107,Suplente,JOZAN DIEGO NUNES APRINIO ROCHA,DIEGO ROCHA,M,07/12/1991,Válido,19
19333,598,Suplente,JOSÉ CARLOS DA SILVA,ZÉ CARLOS RENASCER,M,16/11/1964,Válido,19
19789,203,Suplente,ALESSANDRO RAMOS,ALESSANDRO RAMOS,M,27/03/1979,Válido,19
19321,564,Suplente,CREMARIO DE SOUZA BENEVIDES,MÁRIO BENEVIDES,M,05/11/1980,Válido,19
19123,3052,Eleito,DILEMÁRIO DO VALE ALENCAR,DILEMÁRIO ALENCAR,M,07/11/1966,Válido,19
19000,179,Suplente,MARIA JOSÉ DE OLIVEIRA ARRUDA,PROFESSORA MAZÉ,F,22/04/1967,Válido,19
19319,90,Suplente,NERES ALVES DAS NEVES JÚNIOR,NERES DO CT,M,12/09/1973,Válido,19
19800,1794,Eleito,WILSON NONATO SILVA,WILSON KERO KERO,M,27/11/1970,Válido,19
19111,1074,Suplente,NILSON PORTELA FERREIRA,NILSON PORTELA,M,17/12/1975,Válido,19
19244,44,Suplente,JOSÉ CORREA DE MIRANDA,JOSÉ MIRANDA,M,05/01/1979,Válido,19
19199,67,Suplente,RODRIGO DE SANTA ANA,RODRIGO SANT'ANA,M,25/09/1986,Válido,19
19888,325,Suplente,VALDIR VIEIRA PEREIRA,PROF. VALDIR PEREIRA,M,30/07/1977,Válido,19
19011,1074,Suplente,RENATO DA SILVA MOTA,RENATO MOTA,M,10/02/1972,Válido,19
19444,110,Suplente,MARIA FRANCISCA SILVA,BIA CALMON,F,02/08/1952,Válido,19
19100,63,Suplente,RAQUEL GONÇALVES DA SILVA BENETOLI,RAQUEL DO QUILOMBO,F,21/04/1974,Válido,19
19191,130,Suplente,EDIANA TANARA DE OLIVEIRA,EDIANA THANARA,F,15/08/1988,Válido,19
19300,323,Suplente,JAMAIRA MANUELI PROENÇA AMORIM,JAMAIRA PROENÇA,F,12/07/1976,Válido,19
19777,82,Suplente,ADAMARA NASCIMENTO BUENO SAN MARTIN,ADAMARA SAN MARTIN,F,23/10/1993,Válido,19
19019,207,Suplente,ANDERSON AMARAL ROSA,ANDERSON AMARAL,M,05/03/1980,Válido,19
19009,364,Suplente,KERLE SANTANA DA SILVA,KERLE SANTANA,F,22/05/1980,Válido,19
19222,85,Suplente,RODRIGO BRUEL GUIRELLI,RODRIGO BRUEL,M,27/02/1981,Válido,19
19038,1590,Suplente,RAFAEL BEAL RANALLI,POLICIALFEDERAL RAFAEL RANALLI,M,04/07/1979,Válido,19
19999,288,Suplente,ROSANGELA MARQUES DA SILVA ALMEIDA,ROSANGELA ALMEIDA,F,17/07/1981,Válido,19
19500,130,Suplente,IVAN DOS SANTOS SILVA,IVAN SANTOS,M,27/09/1988,Válido,19
19900,332,Suplente,HELDER FALCÃO DE ARRUDA,HELDER FALCÃO,M,02/03/1988,Válido,19
19453,629,Suplente,LEOVALDO CASTRO DE CAMPOS,VADINHO,M,18/06/1980,Válido,19
19171,104,Suplente,CLÁUDIA AVELINO NÓIA,CLÁUDIA NÓIA,F,07/08/1976,Válido,19
19322,57,Suplente,EDUARDO FRANCISCO DA SILVA,EDUARDO BRAGA,M,02/11/1986,Válido,19
18051,77,Não eleito,JOSE DO CARMO DE MORAES ARRUDA,PANTANEIRO SANGUE AZUL,M,21/02/1976,Válido,18
18100,45,Não eleito,HEBER JORGE DE FARIAS,PROF. JORGE FARIAS,M,13/05/1968,Válido,18
18348,61,Não eleito,MAURO FERREIRA DOS SANTOS,MAURO MARCENEIRO,M,30/03/1976,Válido,18
18111,135,Não eleito,ANDRÉA PAULA DE ALENCAR ZANCO,ANDRÉA ZANCO,F,29/09/1979,Válido,18
18223,18,Não eleito,GISELE DOS SANTOS BARBOSA,GISELE BARBOSA,F,23/04/1972,Válido,18
18018,23,Não eleito,ALMIR SEBASTIAO RIBEIRO DE SOUZA,ALMIR ARQUITETO,M,21/01/1980,Válido,18
18931,112,Não eleito,ADILSON DAMIÃO DA SILVA CRUZ,ADILSON CRUZ,M,25/09/1974,Válido,18
18123,122,Não eleito,LAILA GRAZIELA OLIVEIRA DUTRA,LAILA DUTRA,F,04/01/1982,Válido,18
18316,241,Não eleito,GILVAN BISPO SANTIAGO,GILVAN BISPO,M,30/12/1963,Válido,18
18888,81,Não eleito,WANIA GRÁCIA AMORIM LIMA,WANIA AMORIM,F,11/11/1961,Válido,18
51444,322,Suplente,ROBERTO OLIVEIRA LUCIALDO,ROBERTO LUCIALDO,M,23/02/1953,Válido,51
51007,293,Suplente,EDINEI APARECIDO PEREIRA DA SILVA,EDINEI NINHA,M,25/10/1969,Válido,51
51135,69,Suplente,DAMIANE LIMA DE BARROS,DAMIANE LIMA,F,16/04/1981,Válido,51
51143,693,Suplente,REGINALDO FERREIRA DE ANDRADE,REGINALDO ANDRADE,M,14/07/1980,Válido,51
51051,301,Suplente,ETERNO LEIDE MONTALVAO,ETERNO MONTALVÃO,M,10/04/1965,Válido,51
51000,975,Suplente,OSCEMARIO FORTE DALTRO,OSCEMÁRIO DALTRO,M,10/03/1963,Válido,51
51222,1006,Suplente,PABLO RODRIGO QUEIROZ,PABLO QUEIROZ,M,05/05/1981,Válido,51
51888,83,Suplente,ELDA MOURA SANTOS,ELDA MOURA,F,08/12/1969,Válido,51
51020,701,Suplente,VILMA PAULA BARROS DE ASSIS,VILMA BARROS,F,24/08/1970,Válido,51
51138,589,Suplente,CICERO ANTONIO,MAJOR CICERO,M,28/08/1963,Válido,51
51667,5,Suplente,LUCILENE APARECIDA CUSTODIO MARTINS,LUCILENE MARTINS,F,01/07/1976,Válido,51
51788,375,Suplente,TANIA MENDES SANTIAGO,TANIA MENDES,F,17/11/1975,Válido,51
51053,141,Suplente,ENILSON BARBOSA DE OLIVEIRA,NILSON TONINHO DAS FEIRAS,M,19/01/1968,Válido,51
51661,980,Suplente,OSVALDO DE SOUZA BRITO,OSVALDO BRITO,M,05/08/1985,Válido,51
51777,673,Suplente,EDMILSON DA COSTA CARMO,EDMILSON CARMO,M,24/04/1983,Válido,51
51345,238,Suplente,ZENILDO DA CRUZ DE JESUS,ZENILDO CRUZ ZÉ BOI,M,22/10/1973,Válido,51
51500,104,Suplente,UEKSON BRONSON DE ARRUDA,UEKSON BRONSON,M,05/09/1989,Válido,51
51111,519,Suplente,GABRIEL GONCALVES DE MIRANDA,GABRIEL CHAVEIRO,M,24/05/1976,Válido,51
51987,17,Suplente,BRUNO RAFAEL ALVES DA SILVA,BRUNO ALVES,M,06/04/1997,Válido,51
51456,1488,Eleito,KASSIO EDUARDO DA SILVA COELHO,KASSIO COELHO,M,08/11/1979,Válido,51
51100,104,Suplente,EVA INEZ MAGALHAES LEITE SIQUEIRA,EVA LEITE,F,21/01/1973,Válido,51
51031,53,Suplente,MARIA APARECIDA DA SILVA SANTANA,CIDA SANTANA,F,20/11/1976,Válido,51
51200,14,Suplente,LIDIANA FERNANDA RAMOS ARGUELHO,LIDIANA FERNANDA,F,20/11/1991,Válido,51
51190,87,Suplente,WALTER ARRUDA DA SILVA,WALTER ARRUDA DA SILVA,M,17/04/1970,Válido,51
51333,147,Suplente,SEBASTIAO FRANCISCO DA CRUZ,TIÃOZINHO,M,12/12/1960,Válido,51
51077,708,Suplente,RAFAEL DA SILVA YONEKUBO,RAFAEL YONEKUBO,M,01/04/1980,Válido,51
51010,14,Suplente,SEULINE ASSUNCAO SOUZA DOMINGUES DA SILVA,PROFESSORA SEULINE,F,22/02/1988,Válido,51
51357,218,Suplente,WILDES TADEU DE CARVALHO,WILDES TADEU,M,04/08/1962,Válido,51
51234,1358,Suplente,AROLDO LEITE,AROLDO TELLES,M,07/04/1967,Válido,51
51555,76,Suplente,EDIENES ROSA DO CARMO,EDIENES HADASSA,F,08/10/1975,Válido,51
51300,147,Suplente,SHIRLEY PEREIRA DE SOUZA FREITAS,SHIRLEY SOUZA,F,04/08/1976,Válido,51
51023,99,Suplente,ALEXSSANDER DOS SANTOS PEREIRA REIS,ALEXSSANDER REIS,M,29/11/1982,Válido,51
51789,511,Suplente,JOSE UBIRAJARA DE ARRUDA NETO,JUCA NETO,M,28/10/1962,Válido,51
51700,19,Suplente,ROSILEIA DO ESPIRITO SANTO SOUZA,ROSE SANTOS,F,30/10/1983,Válido,51
51150,152,Suplente,EDUARDO RODRIGUES TELES,EDUARDO CABELEIREIRO,M,09/08/1969,Válido,51
77190,2199,Eleito,JOELSON FERNANDES DO AMARAL,SARGENTO JOELSON,M,27/10/1977,Válido,77
77065,39,Suplente,GISELE LOPES DA SILVA REZENDE,GISELE LOPES,F,10/07/1982,Válido,77
77555,69,Suplente,JOSIANE FAUSTINO AZEVEDO SABER,DRA JÔ,F,04/05/1981,Válido,77
77000,183,Suplente,MICHELLE MARIE DE SOUZA,MICHELLE MARIE,F,24/11/1978,Válido,77
77123,137,Suplente,ANDERSON ROGERIO DA SILVA PEREIRA,ANDERSON LARA,M,08/08/1981,Válido,77
77890,71,Suplente,VITORIA MARQUES ARAUJO DE SOUZA,SUB TENENTE VITORIA,F,04/11/1976,Válido,77
77013,169,Suplente,SILVANA DAMIELE BARBOSA VIANA,SILVANA VIANA,F,26/09/1988,Válido,77
77999,171,Suplente,RODRIGO GUILHERME DO CARMO DA SILVA SOUZA,RODRIGO GUILHERME VIGILANTE,M,24/08/1993,Válido,77
77333,121,Suplente,JEFERSON JEMES DE PAULA,DJ NERO,M,09/09/1979,Válido,77
77550,174,Suplente,SILVANE SILVA DA LUZ,PROF NINO DA LUZ,M,28/11/1972,Válido,77
77777,1226,Suplente,MARCO AURELIO RIBEIRO COELHO JUNIOR,MARCO AURELIO,M,17/10/1973,Válido,77
77444,2120,Suplente,VINICYUS CORREA HUGUENEY,VINI CLOVITO HUGUENEEY,M,28/06/1990,Válido,77
77011,185,Suplente,RENI BARROS ALMEIDA,RENI BARROS,M,05/10/1980,Válido,77
77321,324,Suplente,MARCELO CONCEICAO DA CUNHA,MARCELO CUNHA,M,15/04/1979,Válido,77
10650,209,Suplente,NILDA LOPES DA COSTA,NILDA TOSCA,F,16/08/1979,Válido,10
10500,72,Suplente,BERENICE DA SILVA LIMA,BERÊ DO MILÊNIO,F,16/05/1969,Válido,10
10020,476,Suplente,MUNIR KASSEN FARES,PROFESSOR MUNIR,M,02/10/1972,Válido,10
10190,677,Suplente,CLAUDIR SANTOS DA ROCHA,CHICO LEBLON,M,13/07/1963,Válido,10
10665,761,Suplente,MARCELO PIRES DE SOUZA,MARCELO PIRES,M,15/07/1973,Válido,10
10789,759,Suplente,MARCOS ANTONIO RIBEIRO DA CRUZ,MARCÃO DO ALHO,M,28/12/1969,Válido,10
10333,843,Suplente,RUBENS DIAS DA SILVA,RUBINHO DA GUIA,M,11/10/1970,Válido,10
10000,1119,Suplente,PAULO CESAR E SILVA,PAULO PEIXE,M,08/08/1971,Válido,10
10666,305,Suplente,EDENIR PEREIRA DA SILVA,DENIS DA SAUDE,M,06/10/1965,Válido,10
10111,133,Suplente,MIRIAN PAES DE BARROS,MIRIAN PAES,F,06/11/1972,Válido,10
10127,185,Suplente,AROLDO SANTANA DE OLIVEIRA,MAESTRO AROLDO SANTANA,M,27/12/1959,Válido,10
10667,1852,Suplente,WELSON MESQUITA DE OLIVEIRA,PROF  WELSON MESQUITA,M,09/03/1967,Válido,10
10999,240,Suplente,NELSON DE FARIA,NELSON DE FARIA,M,12/05/1969,Válido,10
10330,464,Suplente,ALIZANGELA DE SOUZA,MOTORISTA ALIZÂNGELA,F,17/10/1979,Válido,10
10555,251,Suplente,JOÃO CARLOS JOSETTI,JOÃO JOSETTI,M,23/06/1956,Válido,10
10321,516,Suplente,WILLIAM COSTA CAMPOS,WILLIAM CAMPOS,M,15/01/1989,Válido,10
10777,902,Suplente,PATRÍCIA GLÁURA DE ARAÚJO CAMPOS,PATRÍCIA ARAÚJO,F,26/11/1968,Válido,10
10888,130,Suplente,GLÁUCIA HELENA SILVA MARTINS,GLÁUCIA DO CINTURÃO VERDE,F,18/01/1969,Válido,10
10123,2996,Eleito,EDUARDO VICTOR MAGALHÃES,EDUARDO MAGALHÃES,M,20/10/1979,Válido,10
10345,33,Suplente,CRISTIANI APARECIDA GODIM,CRIS GODIM,F,27/06/1985,Válido,10
10744,27,Suplente,JOÃO ALDAIR RODRIGUES,JOÃO RODRIGUES,M,08/04/1967,Válido,10
10110,175,Suplente,EDJANE BRITO GARCIA BOTELHO DA SILVA,EDJANE DA SAÚDE,F,01/03/1981,Válido,10
10987,28,Suplente,ODAIR RIBEIRO DA SILVA,ODAIR RIBEIRO,M,02/11/1969,Válido,10
10222,2060,Eleito,LUIZ FERNANDO GUIMARÃES DE AMORIM,DR LUIZ FERNANDO,M,08/12/1977,Válido,10
10101,65,Suplente,JANETE AUXILIADORA SOARES DE FRANÇA,JAJA DO POVO,F,13/10/1981,Válido,10
10113,229,Suplente,LAERCIO BARBIERI,LAERCIO BARBIERI,M,12/10/1960,Válido,10
10610,807,Suplente,ADMILSON ANTONIO DE ASSIS,SARGENTO ASSIS DO BIGODE,M,04/01/1972,Válido,10
10456,772,Suplente,CLAUDINEY DE OLIVEIRA VIEIRA,CLAUDINEY DO TIJUCAL,M,28/04/1973,Válido,10
10678,534,Suplente,ABEMAEL COSTA MELO,BIMA MELO,M,04/01/1974,Válido,10
10007,482,Suplente,LEDEVINO DA CONCEIÇÃO,LEDEVINO CONCEIÇÃO,M,04/03/1967,Válido,10
10100,639,Suplente,DEVAIR RODRIGUES RIBEIRO,DEVA GAZELLA,M,08/03/1977,Válido,10
10852,106,Suplente,SILVIA MARIA PAPI SANTANA,SILVIA PAPI,F,25/03/1967,Válido,10
10444,563,Suplente,HÉLIO SANTUCHES MEDINA,MEDINA,M,27/08/1969,Válido,10
10612,11,Suplente,MARIA DE FÁTIMA DA CONCEIÇÃO,FÁTIMA PARANÁ,F,13/12/1968,Válido,10
10001,41,Suplente,HIRTO PEREIRA PAIM,PAIM DA AUTO ESCOLA,M,21/12/1961,Válido,10
10010,965,Suplente,JULIO CESAR MAIA PEREIRA,JULIO DA POWER,M,01/06/1984,Válido,10
10144,114,Suplente,ANTONIO CARLOS RAMOS PINTO,ANTONIO RAMOS,M,15/02/1973,Válido,10
10080,345,Suplente,ELICÉIA LOUREIRO TRINDADE,ELICÉIA TRINDADE,F,15/06/1981,Válido,10
